评论ID,类型,用户名,评论内容,时间地点,点赞数
comment-694a8c1f000000001702c978,主评,"是奈奈吖~","已关，求分享","昨天 20:33广东","赞"
comment-694b36e10000000016020620,回复,"小熊软糖","好的","14小时前河北","赞"
comment-694a74e4000000001d026c22,主评,"固囚囩囡囝囿团囿囸図","求分享，已关","昨天 18:54河北","赞"
comment-694b36e9000000001600f563,回复,"小熊软糖","好的","14小时前河北","赞"
comment-692435ae000000003801588a,主评,"来米","已关求分享","11-24湖南","赞"
comment-6924fe850000000016022953,回复,"小熊软糖","好的","11-25河北","赞"
comment-691daa60000000003800d42a,主评,"小红薯654E30EC","求分享","11-19江苏","赞"
comment-691e66d9000000001702eec8,回复,"小熊软糖","好的","11-20河北","赞"
comment-692fb9e2000000001d024425,主评,"也天天","已关注，求分享","12-03安徽","赞"
comment-692fcdc1000000001d01c119,回复,"小熊软糖","来啦","12-03河北","赞"
comment-6922d0c5000000001d027711,主评,"向日葵","求分享","11-23浙江","赞"
comment-6924ff8b000000001702dede,回复,"小熊软糖","没观发不出去","11-25河北","赞"
comment-6922b400000000001d01d766,主评,"淡定","求分享","11-23山东","赞"
comment-6924ffb8000000001600e0d4,回复,"小熊软糖","好的","11-25河北","赞"
comment-692183590000000016020fed,主评,"小眼睛","求分享","11-22上海","赞"
comment-69250063000000001600fd59,回复,"小熊软糖","好的","11-25河北","赞"
comment-691b1244000000003800e90b,主评,"✨💋妮妮⭐✨","已观求分享","11-17广东","赞"
comment-691be6070000000016027ef8,回复,"小熊软糖","可以","11-18河北","赞"
comment-6949404c000000001601e8ff,主评,"酥酥","求分享，已关","2天前广东","赞"
comment-6949e9a90000000016027616,回复,"小熊软糖","好的","昨天 09:00河北","赞"
comment-6922bb3b000000003802e8a7,主评,"弗拉明戈少女","求分享[完啦R]","11-23广东","赞"
comment-6924ffad000000001702e48f,回复,"小熊软糖","没问题","11-25河北","赞"
comment-6932b7c5000000003800b863,主评,"自信玫瑰","已关注数分享","12-05陕西","赞"
comment-693779ad000000001601fd62,回复,"小熊软糖","好的","12-09河北","赞"
comment-694923c50000000014036a74,主评,"阿更更更更更更","求分享谢谢","2天前福建","赞"
comment-6949e9b5000000001601fc31,回复,"小熊软糖","没问题","昨天 09:00河北","赞"
comment-69244b9400000000140377e2,主评,"💋āáǎà＿燕梅呀","已关注，求","11-24广东","赞"
comment-6924fe8000000000160228a4,回复,"小熊软糖","没问题","11-25河北","赞"
comment-692ea57a0000000032003577,主评,"🌰","应届小白求分享","12-02河南","赞"
comment-692f92070000000016020e02,回复,"小熊软糖","","12-03河北","赞"
comment-691eb39a000000001d025ed6,主评,"希熙Cci","求分享","11-20辽宁","赞"
comment-691ebe140000000016023999,回复,"小熊软糖","好的","11-20河北","赞"
comment-692e4187000000001502cc1e,主评,"虞枝枝","求分享工资表","12-02福建","赞"
comment-692e45370000000016026916,回复,"小熊软糖","没问题","12-02河北","赞"
comment-691d6173000000000601bf83,主评,"贵阳的工作","已关注，求","11-19贵州","赞"
comment-691d7a67000000001600f858,回复,"小熊软糖","来啦","11-19河北","赞"
comment-691c3c2b000000001d01cf9b,主评,"蒲公英","已关求分享","11-18陕西","赞"
comment-691d1524000000001601feaa,回复,"小熊软糖","来啦","11-19河北","赞"
comment-69239b19000000001d01fde7,主评,"DL","免费?求分享","11-24广东","赞"
comment-6924ff3d000000001702d306,回复,"小熊软糖","好的","11-25河北","赞"
comment-6933989a000000003800c442,主评,"11111","已关注求分享","12-06广东","赞"
comment-693779960000000016023489,回复,"小熊软糖","来啦","12-09河北","赞"
comment-694255260000000039007277,主评,"青青","关注求分享","7天前浙江","赞"
comment-69434f220000000016027569,回复,"小熊软糖","来啦","6天前河北","赞"
comment-693cc005000000001502c2d4,主评,"xy","已观求分享","12-13山东","赞"
comment-693f60d7000000001702c175,回复,"小熊软糖","来啦","12-15河北","赞"
comment-692546510000000038029fd8,主评,"生V_V","关注，求分享","11-25辽宁","赞"
comment-69265046000000001d01c0ec,回复,"小熊软糖","好的","11-26河北","赞"
comment-6925b6110000000016022a81,主评,"しονё莎☆","已关，求分享","11-25湖南","赞"
comment-69264fd9000000001601ebc7,回复,"小熊软糖","来啦","11-26河北","赞"
comment-692f8e7b000000001d01c562,主评,"乖～LL","已关注求分享","12-03天津","赞"
comment-692f91b1000000001601c8c7,回复,"小熊软糖","好的","12-03河北","赞"
comment-692ad211000000001601c0cd,主评,"小红薯6943B0DB","已关求分享","11-29北京","赞"
comment-692e4616000000001d01caed,回复,"小熊软糖","来啦","12-02河北","赞"
comment-692d097d0000000039009712,主评,"经梦","已关注求分享","12-01河南","赞"
comment-692e453e000000001600d9e9,回复,"小熊软糖","来啦","12-02河北","赞"
comment-692564b2000000001602298c,主评,"glwang","已关求分享","11-25辽宁","赞"
comment-6926500a000000001702d49e,回复,"小熊软糖","好的","11-26河北","赞"
comment-692e68ff000000001601c67c,主评,"咸柠七","求提成工资表","12-02江苏","赞"
comment-692f9245000000001600e769,回复,"小熊软糖","没问题","12-03河北","赞"
comment-6921857900000000160246b1,主评,"迷糊小天使009","求分享","11-22上海","赞"
comment-6925004c00000000160231e4,回复,"小熊软糖","好的","11-25河北","赞"
comment-6936d8ee0000000014034d18,主评,"mcx","求分享","12-08贵州","赞"
comment-69377923000000001601e565,回复,"小熊软糖","好的","12-09河北","赞"
comment-692fe832000000001601e670,主评,"高二代假可爱","求分享，关注啦","12-03天津","赞"
comment-6930e641000000001d01f95d,回复,"小熊软糖","没问题","12-04河北","赞"
comment-694212c400000000380080d1,主评,"小狗日记","关注求分享","7天前广东","赞"
comment-69421dfc000000001602434c,回复,"小熊软糖","好的","7天前河北","赞"
comment-69251d32000000003803fbc9,主评,"期期未来可期","求分享","11-25广东","赞"
comment-692543030000000016024826,回复,"小熊软糖","没观发不出去","11-25河北","赞"
comment-6925af42000000000e0365a0,主评,"蓝莓","求分享","11-25山东","赞"
comment-69264fde000000001d01f01b,回复,"小熊软糖","好的","11-26河北","赞"
comment-692eb0a3000000003802f0d4,主评,"周游世界","已关注，求分享","12-02海南","赞"
comment-692f9200000000001600db71,回复,"小熊软糖","来啦","12-03河北","赞"
comment-693f9fa8000000001601f464,主评,"有恃无恐🌈","关注求分享","12-15山东","赞"
comment-6940b5c2000000001d01f711,回复,"小熊软糖","好的","12-16河北","赞"
comment-6930fd100000000038025309,主评,"静心向阳","已关注求分享","12-04河南","赞"
comment-6931021c000000001600d340,回复,"小熊软糖","好的","12-04河北","赞"
comment-6924fd350000000006018a30,主评,"lu大宝","求","11-25广东","赞"
comment-6924fdef000000001702e178,回复,"小熊软糖","好的","11-25河北","赞"
comment-692bdf42000000001403569d,主评,"呆呆","已关注，求分享","11-30浙江","赞"
comment-692e4542000000001d01e71b,回复,"小熊软糖","好的","12-02河北","赞"
comment-69295e4300000000310321cc,主评,"琴琴","已关注，求分享","11-28北京","赞"
comment-692e46be000000001602199e,回复,"小熊软糖","好的","12-02河北","赞"
comment-6926855000000000390054f8,主评,"王糊糊","已关求分享","11-26浙江","赞"
comment-692691fa000000001d01c8f2,回复,"小熊软糖","好的","11-26河北","赞"
comment-6922cbaa0000000038016b54,主评,"香菜泡饭🌿","已关注求分享","11-23广东","赞"
comment-6924ff91000000001702dfe1,回复,"小熊软糖","来啦","11-25河北","赞"
comment-69303d5400000000380108ec,主评,"蛋黄酥","关注求分享","12-03广东","赞"
comment-6930e63c000000001602429c,回复,"小熊软糖","好的","12-04河北","赞"
comment-692334a5000000001d025781,主评,"今天也不想上班","已关求分享","11-24河南","赞"
comment-6924ff4a0000000016026a21,回复,"小熊软糖","来啦","11-25河北","赞"
comment-69232a28000000001600ea8e,主评,"Ooo","已关求分","11-23上海","赞"
comment-6924ff5b000000001d01fee9,回复,"小熊软糖","好的","11-25河北","赞"
comment-6925772b000000003803f4f1,主评,"李漂亮君","已关注 求分享","11-25四川","赞"
comment-69265001000000001702d343,回复,"小熊软糖","好的","11-26河北","赞"
comment-6932848c000000001d026ad9,主评,"奶黄皮卡丘","已关注求分享","12-05广东","赞"
comment-69377a48000000001d01d460,回复,"小熊软糖","来啦","12-09河北","赞"
comment-6942b833000000001403c030,主评,"中大牛魔","关注求分享","7天前广东","赞"
comment-69434ecf000000001602697e,回复,"小熊软糖","好的","6天前河北","赞"
comment-69281562000000001d01dad1,主评,"抹嗯","求分享","11-27上海","赞"
comment-6928f8dd0000000016027b43,回复,"小熊软糖","没问题","11-28河北","赞"
comment-6937df9200000000390064ed,主评,"CoCo","已关注","12-09广东","赞"
comment-693a1e8c000000001702d8d4,回复,"小熊软糖","来啦","12-11河北","1"
comment-6940a6980000000038017efa,主评,"m时光荏苒m","求","12-16广西","赞"
comment-6940b568000000001d01eab3,回复,"小熊软糖","好的","12-16河北","赞"
comment-693d5911000000001403ed8c,主评,"Be","关注求分享","12-13湖北","赞"
comment-693f5e6c000000001702e167,回复,"小熊软糖","没问题","12-15河北","赞"
comment-6933df23000000001d0243be,主评,"Rainbow","已关求分享","12-06江西","赞"
comment-6937797b000000001702f538,回复,"小熊软糖","没问题","12-09河北","赞"
comment-6925bd690000000016023489,主评,"小蒙","已关注求分享","11-25广东","赞"
comment-69264fd0000000001601ea26,回复,"小熊软糖","好的","11-26河北","赞"
comment-6924e80e000000001403f759,主评,"小chen同学","求分享","11-25上海","赞"
comment-6924fe66000000001602499c,回复,"小熊软糖","好的","11-25河北","赞"
comment-693a4866000000001403c56e,主评,"哎呀","求分享","12-11湖南","赞"
comment-693b746c000000001702f8a1,回复,"小熊软糖","来啦","12-12河北","赞"
comment-692ef9ed000000001403f1f9,主评,"陈芬","想学习，求分享","12-02广东","赞"
comment-692f91ea000000001d01d7b6,回复,"小熊软糖","好的","12-03河北","赞"
comment-691a96d5000000003300de45,主评,"小熊软糖","get✅方式：已观求分享","11-17河北","赞"
comment-69439d4f0000000038008ad9,主评,"无事小神仙.","已关注 求分享","6天前湖北","赞"
comment-69439ea20000000016025227,回复,"小熊软糖","来啦","6天前河北","赞"
comment-6943540b00000000160224be,主评,"小红薯68B3097E","已关，求分享","6天前河南","赞"
comment-69439ee4000000001600e3a3,回复,"小熊软糖","好的","6天前河北","赞"
comment-694250220000000016024cc0,主评,"只出一期","关注求分享","7天前湖北","赞"
comment-69434f300000000016022e49,回复,"小熊软糖","好的","6天前河北","赞"
comment-693ad9b8000000001600cfb8,主评,"茉莉大王杨某某🌸","你好，求分享","12-11北京","赞"
comment-693b73f6000000001600e2cd,回复,"小熊软糖","没问题","12-12河北","赞"
comment-6937972e000000001d02455d,主评,"橙橙橙味儿","求分享","12-09浙江","1"
comment-6937b711000000001702c66c,回复,"小熊软糖","好的","12-09河北","赞"
comment-693660b2000000001702dca7,主评,"大嘴吧x","已关注，求分享","12-08广东","赞"
comment-6937793f0000000016022636,回复,"小熊软糖","可以","12-09河北","赞"
comment-6933cb0d0000000039009886,主评,"我是潘潘耶","关注求分享","12-06浙江","赞"
comment-693779830000000016023147,回复,"小熊软糖","好的","12-09河北","赞"
comment-693108d0000000001601fc27,主评,"热爱自由的人儿","求分享","12-04上海","赞"
comment-69311f730000000016022bd5,回复,"小熊软糖","好的","12-04河北","赞"
comment-6930602c000000001d01dd64,主评,"叽叽喳喳","已关注求分享","12-04广东","赞"
comment-6930e551000000001d01d0f6,回复,"小熊软糖","来啦","12-04河北","赞"
comment-692e3bd70000000038017d1d,主评,"来来来","已关注，求分享","12-02江苏","赞"
comment-692e453b000000001d01e602,回复,"小熊软糖","好的","12-02河北","赞"
comment-692546fe0000000038014077,主评,"距末世还有30天","求分享，前辈","11-25河南","赞"
comment-69265041000000001702db9f,回复,"小熊软糖","好的","11-26河北","赞"
comment-69253530000000003802feb3,主评,"不是momo","想学习，求分享，前辈","11-25广东","赞"
comment-692542f60000000016023f68,回复,"小熊软糖","","11-25河北","赞"
comment-6923e74f000000001601c81b,主评,"winwin","已观求分享","11-24广东","赞"
comment-6924fed0000000001d01e9aa,回复,"小熊软糖","好的","11-25河北","赞"
comment-6923ccf4000000001502df7c,主评,"👒 爱拼才会赢📱","月薪3000的人事能做出来吗？","11-24河北","赞"
comment-6924ff08000000001d01f2ad,回复,"小熊软糖","怎么不能呢","11-25河北","赞"
comment-69232313000000001403c24b,主评,"LEE","你好，能否帮我做份这样的工资表，可以付费","11-23黑龙江","赞"
comment-69225cf9000000003800b607,主评,"寻找烧饼","已关注求分享","11-23天津","赞"
comment-69250021000000001d01de16,回复,"小熊软糖","没问题","11-25河北","赞"
comment-6921bfa6000000001403febb,主评,"小汤圆","做了5年多的工资提成，昨天刚离职","11-22山东","赞"
comment-69210bff000000000e0348ef,主评,"莉莉","已关注，求分享","11-22江苏","赞"
comment-69250075000000001601ff14,回复,"小熊软糖","没问题","11-25河北","赞"
comment-691e7183000000001403c9d7,主评,"小葡萄の妈","已关注，请分享","11-20浙江","赞"
comment-691e7888000000001602661b,回复,"小熊软糖","好的","11-20河北","赞"
comment-691da8a30000000038026293,主评,"什么七七","求分享","11-19江西","赞"
comment-691e66e50000000016020b3f,回复,"小熊软糖","没问题","11-20河北","赞"
comment-691c101b000000003801143d,主评,"知秋意","已关求分享","11-18广东","赞"
comment-691c28e4000000001702f548,回复,"小熊软糖","好的","11-18河北","赞"
comment-692076cc000000003802753b,主评,"Kikio","求分享","11-21江西","赞"
comment-6925008e000000001600c564,回复,"小熊软糖","来啦","11-25河北","赞"
comment-694b964100000000300266f9,主评,"「数豆子的成长家」","求分享","7小时前湖南","赞"
comment-694b9fa90000000016023fd9,回复,"小熊软糖","好的","6小时前河北","赞"
comment-694b924a000000001d00f33c,主评,"图图小蛋挞","求分享","7小时前广西","赞"
comment-694b9fae000000001600f5fd,回复,"小熊软糖","没问题","6小时前河北","赞"
comment-694a7948000000001600d3f4,主评,"行动派","已关注求分享","昨天 19:13北京","赞"
comment-694b36e500000000160206d6,回复,"小熊软糖","来啦","14小时前河北","赞"
comment-6948d45d000000001600cd35,主评,"岁穗","已关注，求分享","2天前江西","赞"
comment-6948dac0000000001601e9a7,回复,"小熊软糖","好的","2天前河北","赞"
comment-6948cf8b000000000e0342a0,主评,"兔子","已关注求分享","2天前贵州","赞"
comment-6948dac5000000001601ea96,回复,"小熊软糖","来啦","2天前河北","赞"
comment-694637910000000014036ffa,主评,"_浪漫出逃","已关注，求分享","4天前天津","赞"
comment-69489616000000001d01c940,回复,"小熊软糖","没问题","2天前河北","赞"
comment-6946316d0000000006019e84,主评,"qqffxx","已关注，求分享","4天前北京","赞"
comment-69489620000000001702db66,回复,"小熊软糖","来啦","2天前河北","赞"
comment-694603ea000000001600cb28,主评,"小红薯EB973688","已关注求分享","4天前四川","赞"
comment-6948962d000000001601e37e,回复,"小熊软糖","好的","2天前河北","赞"
comment-69455304000000001403771b,主评,"小红薯_1057","已关注求分享","5天前浙江","赞"
comment-6948963d000000001602183c,回复,"小熊软糖","好的","2天前河北","赞"
comment-6944faab000000003900659c,主评,"柚","求分享","5天前福建","赞"
comment-694506b70000000016025408,回复,"小熊软糖","好的","5天前河北","赞"
comment-6944d8c8000000003102f84a,主评,"挖掘日","已关注求分享","5天前黑龙江","赞"
comment-6944f932000000001702e515,回复,"小熊软糖","好的","5天前河北","赞"
comment-6944c693000000001502e5b8,主评,"ymy16","已关注，求分享","5天前广东","赞"
comment-6944f93b000000001600ebb7,回复,"小熊软糖","好的","5天前河北","赞"
comment-6944a3e10000000014036a01,主评,"小呼的碎碎碎念","已关注 求分享","5天前江西","赞"
comment-6944a417000000001600cf8b,回复,"小熊软糖","来啦","5天前河北","赞"
comment-694498c60000000016027d65,主评,"快乐每天","已关注求分享","5天前河南","赞"
comment-6944a3d3000000001702e46b,回复,"小熊软糖","好的","5天前河北","赞"
comment-69433e7d000000000e0343df,主评,"是莉莉吖","求分享","6天前河北","赞"
comment-69434e7e000000001601dd31,回复,"小熊软糖","没问题","6天前河北","赞"
comment-694226dc000000003002653d,主评,"般般","已关注求分享","7天前广东","赞"
comment-694243350000000016021c7d,回复,"小熊软糖","好的","7天前河北","赞"
comment-69420b36000000000e0371c8,主评,"杨🌸","求分享","7天前山东","赞"
comment-69421e08000000001d01e032,回复,"小熊软糖","好的","7天前河北","赞"
comment-69410c03000000003803db40,主评,"小红薯60F42CFF","已关注，求分享","12-16安徽","赞"
comment-6941fcfa000000001601f35b,回复,"小熊软糖","可以","7天前河北","赞"
comment-694106c1000000001702c633,主评,"骑自行车上工地","已关注求分享","12-16河南","赞"
comment-6941fcfe000000001601f41b,回复,"小熊软糖","来啦","7天前河北","赞"
comment-694097df0000000038031881,主评,"茂仔糕","求分享","12-16浙江","赞"
comment-6940b57b000000001600f299,回复,"小熊软糖","好的","12-16河北","赞"
comment-693ffdb8000000001600e2aa,主评,"护理猫猫猫","已关注，求分享","12-15上海","赞"
comment-6940b586000000001d01ef14,回复,"小熊软糖","来啦","12-16河北","赞"
comment-693fbea4000000001702cd09,主评,"宝贝","求分享","12-15山西","赞"
comment-6940b59d000000001601d671,回复,"小熊软糖","来啦","12-16河北","赞"
comment-693f838b0000000039006cad,主评,"摩羯冰恋","求分享","12-15江苏","赞"
comment-6940b5e3000000001d01fc14,回复,"小熊软糖","好的","12-16河北","赞"
comment-693f4ca600000000160212e3,主评,"无名","求分享","12-15湖北","1"
comment-693f5e34000000001600ca6d,回复,"小熊软糖","好的","12-15河北","赞"
comment-693e5667000000001403d214,主评,"袖袖","求分享","12-14山东","赞"
comment-693f5e39000000001601c5d0,回复,"小熊软糖","来啦","12-15河北","赞"
comment-693cdde4000000003802dec6,主评,"偏偏头懵","求分享","12-13江苏","1"
comment-693f60aa000000001601e0b3,回复,"小熊软糖","好的","12-15河北","赞"
comment-693ca7560000000038027acb,主评,"我有一棵小树苗","求分享","12-13江西","赞"
comment-693f60e5000000001d01c26a,回复,"小熊软糖","来啦","12-15河北","赞"
comment-693b85cc0000000014035f9c,主评,"晶晶","求分享","12-12浙江","赞"
comment-693f613e0000000016025270,回复,"小熊软糖","来啦","12-15河北","赞"
comment-693b68d7000000001d01c410,主评,"至诚～","求分享","12-12四川","赞"
comment-693b73e60000000016023d51,回复,"小熊软糖","好的","12-12河北","赞"
comment-693abb68000000001601d31c,主评,"🌙姐的性格↙管不着","求分享","12-11江苏","赞"
comment-693b740e000000001600e70f,回复,"小熊软糖","好的","12-12河北","赞"
comment-6937c6d6000000003200300f,主评,"对方正在输入","已关注求分享","12-09江苏","赞"
comment-693a1e9e000000001d01d7eb,回复,"小熊软糖","好的","12-11河北","赞"
comment-69379231000000003802770d,主评,"起风了","求分享","12-09四川","赞"
comment-6937b71f000000001d01f8a0,回复,"小熊软糖","来啦","12-09河北","赞"
comment-69362cf2000000003800f771,主评,"梅子💃","求分享","12-08北京","赞"
comment-6937795000000000160249f4,回复,"小熊软糖","好的","12-09河北","赞"
comment-69351d910000000016023cdf,主评,"Yellow","已关注求分享","12-07广东","赞"
comment-6937795d000000001600fe81,回复,"小熊软糖","可以","12-09河北","赞"
comment-693396ea00000000380162c1,主评,"微薇酱咩🍤","已关注 求分享","12-06陕西","赞"
comment-6937799b00000000160254ec,回复,"小熊软糖","好的","12-09河北","赞"
comment-69323c780000000031032bf2,主评,"橙子生活日记","求分享","12-05广东","赞"
comment-693250c8000000001702c1d4,回复,"小熊软糖","好的","12-05河北","赞"
comment-693166160000000038009aae,主评,"杭桃里","已关注，求分享","12-04内蒙古","赞"
comment-69323899000000001601e26a,回复,"小熊软糖","来啦","12-05河北","赞"
comment-69310ec20000000038025301,主评,"haiqinlu","求分享","12-04江苏","赞"
comment-69311f6a000000001600c14a,回复,"小熊软糖","没问题","12-04河北","赞"
comment-692d87010000000038030864,主评,"我不叫小花🌸","求分享","12-01陕西","赞"
comment-692e457b00000000160275ae,回复,"小熊软糖","没观发不出去","12-02河北","赞"
comment-692d06920000000014034848,主评,"汐忆马甲","求分享","12-01河南","赞"
comment-692e45bc0000000016024213,回复,"小熊软糖","好的","12-02河北","赞"
comment-692c4b1e000000003803c2e9,主评,"向日葵🌻","求分享","11-30浙江","赞"
comment-692e45dd000000001601c1f5,回复,"小熊软糖","好的","12-02河北","赞"
comment-692866ed000000003802cdc1,主评,"Q༠°","求分享","11-27陕西","赞"
comment-6928f8cf00000000160278f7,回复,"小熊软糖","没问题","11-28河北","赞"
comment-6927fab4000000000e03579c,主评,"爱吃火锅","求分享","11-27浙江","赞"
comment-6928f8ed000000001702f4e3,回复,"小熊软糖","来啦","11-28河北","赞"
comment-6927ecfb0000000030027165,主评,"momo","求分享","11-27河南","赞"
comment-6928f90400000000160241dc,回复,"小熊软糖","没问题","11-28河北","赞"
comment-6926c1a80000000038033aff,主评,"你挡到我发光了","求分享","11-26广东","赞"
comment-69279fbf000000001702f2f7,回复,"小熊软糖","来啦","11-27河北","赞"
comment-69261dca000000001702f085,主评,"ViVi珊","求分享","11-26云南","赞"
comment-69264fb4000000001600dcc7,回复,"小熊软糖","好的","11-26河北","赞"
comment-69259c9900000000380319cb,主评,"小胖宁","求分享","11-25河北","赞"
comment-69264fe30000000016027ad1,回复,"小熊软糖","来啦","11-26河北","赞"
comment-692584ee0000000038029849,主评,"柠檬茶","求分享","11-25山东","赞"
comment-69264ffb000000001d01f510,回复,"小熊软糖","好的","11-26河北","赞"
comment-69255966000000001702e652,主评,"回去请吃饭吧小豆包🍟","求分享","11-25安徽","赞"
comment-69265011000000001d01f89a,回复,"小熊软糖","没问题","11-26河北","赞"
